{"cameraMode":{"drawMode":0,"name":"Shaded","section":"Shading Mode"},"sceneLighting":false,"audioPlay":false,"sceneViewState":{"showFog":true,"showMaterialUpdate":false,"showSkybox":true,"showFlares":true,"showImageEffects":true,"showParticleSystems":true},"in2DMode":false,"pivot":{"x":0.030660495162010194,"y":0.13030701875686646,"z":-0.011923566460609436},"rotation":{"x":-0.009257961064577103,"y":0.9600515961647034,"z":-0.031991031020879748,"w":-0.27783432602882388},"size":1.566138744354248,"orthographic":false}