{"cameraMode":{"drawMode":0,"name":"Shaded","section":"Shading Mode"},"sceneLighting":true,"audioPlay":false,"sceneViewState":{"showFog":true,"showMaterialUpdate":true,"showSkybox":true,"showFlares":true,"showImageEffects":true,"showParticleSystems":true},"in2DMode":false,"pivot":{"x":3.266357421875,"y":0.083984375,"z":1.14794921875},"rotation":{"x":0.04692608863115311,"y":-0.9526545405387878,"z":0.22647280991077424,"w":0.19737626612186433},"size":3.7912161350250246,"orthographic":true}